{"posts":{"items":[{"id":"1","fileName":"sananí-omítky-základní-informace-a-vznam-pro-udrení-kvality-staveb.html","name":"sananí-omítky-základní-informace-a-vznam-pro-udrení-kvality-staveb","publicUrl":"np://user.desktop.nicepage.com/Site_37968601/blog/sanan%C3%AD-om%C3%ADtky-z%C3%A1kladn%C3%AD-informace-a-vznam-pro-udren%C3%AD-kvality-staveb.html","size":6164,"title":"Sanační omítky: Základní informace a význam pro udržení kvality staveb","created":1685036173049,"updated":1721621720063,"featured":"image8.png","excerpt":"Sanační omítky: Základní informace a význam pro udržení kvality stavebOmítka je nedílnou součástí každé stavby. Kromě estetického vzhledu má také klíčovou roli při ochraně staveb před vnějšími vlivy. Jedním z typů omítek, kterým je třeba věnovat zvláštní ..."},{"id":"2","fileName":"silanové-injektání-krémy-inovativní-eení-pro-ochranu-staveb-ped-vlhkostí.html","name":"silanové-injektání-krémy-inovativní-eení-pro-ochranu-staveb-ped-vlhkostí","publicUrl":"np://user.desktop.nicepage.com/Site_37968601/blog/silanov%C3%A9-injekt%C3%A1n%C3%AD-kr%C3%A9my-inovativn%C3%AD-een%C3%AD-pro-ochranu-staveb-ped-vlhkost%C3%AD.html","size":6557,"title":"Silanové Injektážní Krémy: Inovativní Řešení Pro Ochranu Staveb před Vlhkostí","created":1685036173059,"updated":1721621723957,"featured":"image7.png","excerpt":"Silanové Injektážní Krémy: Inovativní Řešení Pro Ochranu Staveb před VlhkostíV boji proti vlhkosti ve stavebních konstrukcích existuje řada různých metod a materiálů, které pomáhají zajistit trvanlivost a bezpečnost budov. Jednou z inovativních a účinných..."},{"id":"3","fileName":"vlhkost-ve-zdivu-píiny-dsledky-a-eení.html","name":"vlhkost-ve-zdivu-píiny-dsledky-a-eení","publicUrl":"np://user.desktop.nicepage.com/Site_37968601/blog/vlhkost-ve-zdivu-p%C3%ADiny-dsledky-a-een%C3%AD.html","size":6105,"title":"Vlhkost ve zdivu: Příčiny, Důsledky a Řešení","created":1685036173068,"updated":1721621726980,"featured":"image9.png","excerpt":"Vlhkost ve zdivu: Příčiny, Důsledky a ŘešeníVlhkost ve zdivu je problém, se kterým se majitelé nemovitostí mohou setkat a který má potenciál způsobit vážné problémy. Tento článek se zaměřuje na příčiny vlhkosti ve zdivu, její důsledky a metody řešení toho..."},{"id":"4","fileName":"jak-se-zbavit-vlhkosti-ve-zdivu-rady-a-eení.html","name":"jak-se-zbavit-vlhkosti-ve-zdivu-rady-a-eení","publicUrl":"np://user.desktop.nicepage.com/Site_37968601/blog/jak-se-zbavit-vlhkosti-ve-zdivu-rady-a-een%C3%AD.html","size":6026,"title":"Jak se zbavit vlhkosti ve zdivu: Rady a řešení","created":1685036173077,"updated":1721621731124,"featured":"image8.png","excerpt":"Jak se zbavit vlhkosti ve zdivu: Rady a řešeníVlhkost ve zdivu je problém, se kterým se mnoho majitelů nemovitostí setkává. Její přítomnost může způsobit vážné problémy, včetně poškození konstrukce budovy a vzniku plísní. V tomto článku se podíváme na něk..."},{"id":"5","fileName":"hydroizolaní-strky-moderní-ochrana-ped-vlhkostí-a-prnikem-vody.html","name":"hydroizolaní-strky-moderní-ochrana-ped-vlhkostí-a-prnikem-vody","publicUrl":"np://user.desktop.nicepage.com/Site_37968601/blog/hydroizolan%C3%AD-strky-modern%C3%AD-ochrana-ped-vlhkost%C3%AD-a-prnikem-vody.html","size":6880,"title":"Hydroizolační Stěrky: Moderní Ochrana Před Vlhkostí a Průnikem Vody","created":1685036173088,"updated":1721621734542,"featured":"image9.png","excerpt":"Hydroizolační Stěrky: Moderní Ochrana Před Vlhkostí a Průnikem VodyVlaha a průnik vody jsou problémy, které mohou vážně poškodit stavební konstrukce a způsobit nepříjemnosti majitelům nemovitostí. Jedním z moderních a účinných způsobů, jak se bránit těmto..."},{"id":"6","fileName":"píiny-vlhkosti-ve-zdivu-co-zpsobuje-tento-problém-a-jak-ho-pedcházet.html","name":"píiny-vlhkosti-ve-zdivu-co-zpsobuje-tento-problém-a-jak-ho-pedcházet","publicUrl":"np://user.desktop.nicepage.com/Site_37968601/blog/p%C3%ADiny-vlhkosti-ve-zdivu-co-zpsobuje-tento-probl%C3%A9m-a-jak-ho-pedch%C3%A1zet.html","size":6214,"title":"Příčiny Vlhkosti ve Zdivu: Co způsobuje tento problém a jak ho předcházet","created":1685036173096,"updated":1721621744036,"featured":"image7.png","excerpt":"Příčiny Vlhkosti ve Zdivu: Co způsobuje tento problém a jak ho předcházetVlhkost ve zdivu je problém, který může postihnout jak nové, tak starší budovy. Je důležité porozumět příčinám vlhkosti ve zdivu, aby bylo možné přijmout vhodná opatření k jejímu řeš..."}]}}