[{"id":"user-image-image10.png","publicUrl":"np://user.desktop.nicepage.com/Site_37968601/images/image10.png","size":1072034,"hash":"1fuV/97885rjKTSy7bCPbOwTASU=","fileName":"image10.png","name":"image10","width":1152,"height":896,"thumbnail":{"url":"np://user.desktop.nicepage.com/Site_37968601/images/thumbnails/image10.png","width":250,"height":194},"folderId":null,"usages":[]},{"id":"user-image-image8.png","publicUrl":"np://user.desktop.nicepage.com/Site_37968601/images/image8.png","size":1241053,"hash":"PkRNEtKbjLw/avaHtKi4LJffMXM=","fileName":"image8.png","name":"image8","width":1152,"height":896,"thumbnail":{"url":"np://user.desktop.nicepage.com/Site_37968601/images/thumbnails/image8.png","width":250,"height":194},"folderId":null,"usages":["94670501"]},{"id":"user-image-image9.png","publicUrl":"np://user.desktop.nicepage.com/Site_37968601/images/image9.png","size":1113761,"hash":"4FV7YJvkNpp1jNXpOKMYqc4FoR4=","fileName":"image9.png","name":"image9","width":1152,"height":896,"thumbnail":{"url":"np://user.desktop.nicepage.com/Site_37968601/images/thumbnails/image9.png","width":250,"height":194},"folderId":null,"usages":["208516622","102590388","146990025"]},{"id":"user-image-image7.png","publicUrl":"np://user.desktop.nicepage.com/Site_37968601/images/image7.png","size":1126687,"hash":"/ElLzw6VmPeLQ7BcBQuODI2/vo0=","fileName":"image7.png","name":"image7","width":1152,"height":896,"thumbnail":{"url":"np://user.desktop.nicepage.com/Site_37968601/images/thumbnails/image7.png","width":250,"height":194},"folderId":null,"usages":["10474336","146990025","212411632"]},{"id":"user-image-nakres-nad-terenem.png","publicUrl":"np://user.desktop.nicepage.com/Site_37968601/images/nakres-nad-terenem.png","size":21160,"hash":"NrEJhn3WPZGCVwjhpCog2JULJ7c=","fileName":"nakres-nad-terenem.png","name":"nakres-nad-terenem","width":600,"height":600,"thumbnail":{"url":"np://user.desktop.nicepage.com/Site_37968601/images/thumbnails/nakres-nad-terenem.png","width":250,"height":250},"folderId":null,"usages":["10474336"]},{"id":"user-image-nakres-pod-terenem.png","publicUrl":"np://user.desktop.nicepage.com/Site_37968601/images/nakres-pod-terenem.png","size":26290,"hash":"AH0aR3sdegMRYDcECIKAqAXm6yg=","fileName":"nakres-pod-terenem.png","name":"nakres-pod-terenem","width":600,"height":600,"thumbnail":{"url":"np://user.desktop.nicepage.com/Site_37968601/images/thumbnails/nakres-pod-terenem.png","width":250,"height":250},"folderId":null,"usages":["102590388"]},{"id":"user-image-ftizol-logo-new-black.png","publicUrl":"np://user.desktop.nicepage.com/Site_37968601/images/ftizol-logo-new-black.png","size":12018,"hash":"XSr4+HCwJjmFh8Suo6LPVq6XPv8=","fileName":"ftizol-logo-new-black.png","name":"ftizol-logo-new-black","width":600,"height":600,"thumbnail":{"url":"np://user.desktop.nicepage.com/Site_37968601/images/thumbnails/ftizol-logo-new-black.png","width":250,"height":250},"folderId":null,"usages":["208516622"]},{"id":"user-image-3712221.png","publicUrl":"np://user.desktop.nicepage.com/Site_37968601/images/3712221.png","size":5717,"hash":"xilm9Xe8n/mrNTrgFP2psB/wDxQ=","fileName":"3712221.png","name":"3712221","width":128,"height":128,"thumbnail":{"url":"np://user.desktop.nicepage.com/Site_37968601/images/thumbnails/3712221.png","width":128,"height":128,"length":5717,"type":"png"},"folderId":null,"usages":["208516622"]},{"id":"user-image-3037619.png","publicUrl":"np://user.desktop.nicepage.com/Site_37968601/images/3037619.png","size":3244,"hash":"QKVAjFBevUN109VTVruV3HL7Fqc=","fileName":"3037619.png","name":"3037619","width":128,"height":128,"thumbnail":{"url":"np://user.desktop.nicepage.com/Site_37968601/images/thumbnails/3037619.png","width":128,"height":128,"length":3244,"type":"png"},"folderId":null,"usages":["208516622"]},{"id":"user-image-g31961bf67da045c03efe6e5d31d9d52197d031e74d028a10da4a2ef2b16c46080e39bae05d8833d62a04126f16e12ed4_1280.jpg","publicUrl":"np://user.desktop.nicepage.com/Site_37968601/images/g31961bf67da045c03efe6e5d31d9d52197d031e74d028a10da4a2ef2b16c46080e39bae05d8833d62a04126f16e12ed4_1280.jpg","size":623705,"hash":"7bNRl1Z2EajlvZhGiN4CL5qV8PA=","fileName":"g31961bf67da045c03efe6e5d31d9d52197d031e74d028a10da4a2ef2b16c46080e39bae05d8833d62a04126f16e12ed4_1280.jpg","name":"g31961bf67da045c03efe6e5d31d9d52197d031e74d028a10da4a2ef2b16c46080e39bae05d8833d62a04126f16e12ed4_1280","width":1280,"height":853,"thumbnail":{"url":"np://user.desktop.nicepage.com/Site_37968601/images/thumbnails/g31961bf67da045c03efe6e5d31d9d52197d031e74d028a10da4a2ef2b16c46080e39bae05d8833d62a04126f16e12ed4_1280.jpg","width":250,"height":167},"folderId":null,"usages":["208516622","94670501"]},{"id":"user-image-1584808.png","publicUrl":"np://user.desktop.nicepage.com/Site_37968601/images/1584808.png","size":5249,"hash":"Duuaut9y5X1g9x+mxmwLYEWMinM=","fileName":"1584808.png","name":"1584808","width":128,"height":128,"thumbnail":{"url":"np://user.desktop.nicepage.com/Site_37968601/images/thumbnails/1584808.png","width":128,"height":128,"length":5249,"type":"png"},"folderId":null,"usages":["208516622"]},{"id":"user-image-2597085.png","publicUrl":"np://user.desktop.nicepage.com/Site_37968601/images/2597085.png","size":3651,"hash":"whDwhFVLS9tFafcFX/0U0HTy2DY=","fileName":"2597085.png","name":"2597085","width":128,"height":128,"thumbnail":{"url":"np://user.desktop.nicepage.com/Site_37968601/images/thumbnails/2597085.png","width":128,"height":128,"length":3651,"type":"png"},"folderId":null,"usages":["208516622"]},{"id":"user-image-20220121-105146-596x795.jpeg","publicUrl":"np://user.desktop.nicepage.com/Site_37968601/images/20220121-105146-596x795.jpeg","size":49643,"hash":"D3UMyf0cOnQ+gJAnE5cb/JHa4i8=","fileName":"20220121-105146-596x795.jpeg","name":"20220121-105146-596x795","width":476,"height":357,"thumbnail":{"url":"np://user.desktop.nicepage.com/Site_37968601/images/thumbnails/20220121-105146-596x795.jpeg","width":250,"height":188},"folderId":null,"usages":["208516622","107793099"]},{"id":"user-image-03-hydroizolan-strka-596x396.webp","publicUrl":"np://user.desktop.nicepage.com/Site_37968601/images/03-hydroizolan-strka-596x396.webp","size":43986,"hash":"p1IF8ZytxQOe5c5ycnw6vjlM+N4=","fileName":"03-hydroizolan-strka-596x396.webp","name":"03-hydroizolan-strka-596x396","width":528,"height":396,"thumbnail":{"url":"np://user.desktop.nicepage.com/Site_37968601/images/03-hydroizolan-strka-596x396.webp","width":250,"height":188},"folderId":null,"usages":["208516622","96041983"]},{"id":"user-image-20220719-131832-596x447.webp","publicUrl":"np://user.desktop.nicepage.com/Site_37968601/images/20220719-131832-596x447.webp","size":3224,"hash":"W8d3Ox03MFT5Yh6sGMYJTlhXjMc=","fileName":"20220719-131832-596x447.webp","name":"20220719-131832-596x447","width":284,"height":213,"thumbnail":{"url":"np://user.desktop.nicepage.com/Site_37968601/images/20220719-131832-596x447.webp","width":250,"height":188},"folderId":null,"usages":["208516622"]},{"id":"user-image-favicon.png","publicUrl":"np://user.desktop.nicepage.com/Site_37968601/images/favicon.png","size":12208,"hash":"Mc8+XQG3LNYJa1hz4jvXX2UOevo=","fileName":"favicon.png","name":"favicon","width":600,"height":600,"thumbnail":{"url":"np://user.desktop.nicepage.com/Site_37968601/images/thumbnails/favicon.png","width":250,"height":250},"folderId":null,"usages":[]},{"id":"user-image-case1-nakres-izolace-800x600.png","publicUrl":"np://user.desktop.nicepage.com/Site_37968601/images/case1-nakres-izolace-800x600.png","size":21404,"hash":"CvLAcX5vsQnmYBESJf6DjNKaUTI=","fileName":"case1-nakres-izolace-800x600.png","name":"case1-nakres-izolace-800x600","width":800,"height":600,"thumbnail":{"url":"np://user.desktop.nicepage.com/Site_37968601/images/thumbnails/case1-nakres-izolace-800x600.png","width":250,"height":188},"folderId":null,"usages":["10474336","102590388"]},{"id":"user-image-dsc01498-816x459.webp","publicUrl":"np://user.desktop.nicepage.com/Site_37968601/images/dsc01498-816x459.webp","size":12394,"hash":"Yj7yj43xqJhJG2eA98/tf8t+0js=","fileName":"dsc01498-816x459.webp","name":"dsc01498-816x459","width":450,"height":337,"thumbnail":{"url":"np://user.desktop.nicepage.com/Site_37968601/images/dsc01498-816x459.webp","width":250,"height":187},"folderId":null,"usages":["208516622","96443309"]},{"id":"user-image-dsc01418-2-816x459.webp","publicUrl":"np://user.desktop.nicepage.com/Site_37968601/images/dsc01418-2-816x459.webp","size":15840,"hash":"iPTrxOJims8XAB6WI6LzCAj0EkY=","fileName":"dsc01418-2-816x459.webp","name":"dsc01418-2-816x459","width":484,"height":363,"thumbnail":{"url":"np://user.desktop.nicepage.com/Site_37968601/images/dsc01418-2-816x459.webp","width":250,"height":187},"folderId":null,"usages":["208516622"]},{"id":"user-image-dsc01471-816x459.webp","publicUrl":"np://user.desktop.nicepage.com/Site_37968601/images/dsc01471-816x459.webp","size":15482,"hash":"8ncPutYQzV7kARd/5o80JEoF4Cc=","fileName":"dsc01471-816x459.webp","name":"dsc01471-816x459","width":481,"height":361,"thumbnail":{"url":"np://user.desktop.nicepage.com/Site_37968601/images/dsc01471-816x459.webp","width":250,"height":188},"folderId":null,"usages":["208516622"]},{"id":"user-image-646135.png","publicUrl":"np://user.desktop.nicepage.com/Site_37968601/images/646135.png","size":2316,"hash":"JEv838J6rQdgz7pcZnhU6sdhTWc=","fileName":"646135.png","name":"646135","width":128,"height":128,"thumbnail":{"url":"np://user.desktop.nicepage.com/Site_37968601/images/thumbnails/646135.png","width":128,"height":128,"length":2316,"type":"png"},"folderId":null,"usages":[]},{"id":"user-image-profi-poretec-sanierfeinputz.webp","publicUrl":"np://user.desktop.nicepage.com/Site_37968601/images/profi-poretec-sanierfeinputz.webp","size":15392,"hash":"Jmms1LTJwPxDWAj5auMGstcWdZI=","fileName":"profi-poretec-sanierfeinputz.webp","name":"profi-poretec-sanierfeinputz","width":382,"height":382,"thumbnail":{"url":"np://user.desktop.nicepage.com/Site_37968601/images/profi-poretec-sanierfeinputz.webp","width":250,"height":250},"folderId":null,"usages":["94670501"]},{"id":"user-image-3540-cz.webp","publicUrl":"np://user.desktop.nicepage.com/Site_37968601/images/3540-cz.webp","size":16290,"hash":"JLy5oiflTVN6W7/o+P/4UQBYtwE=","fileName":"3540-cz.webp","name":"3540-cz","width":382,"height":382,"thumbnail":{"url":"np://user.desktop.nicepage.com/Site_37968601/images/3540-cz.webp","width":250,"height":250},"folderId":null,"usages":["94670501"]},{"id":"user-image-profi-poretec-wta-ausgleichsputz.webp","publicUrl":"np://user.desktop.nicepage.com/Site_37968601/images/profi-poretec-wta-ausgleichsputz.webp","size":16162,"hash":"nM880iipMwwXRtVCB4y47H52lLw=","fileName":"profi-poretec-wta-ausgleichsputz.webp","name":"profi-poretec-wta-ausgleichsputz","width":382,"height":382,"thumbnail":{"url":"np://user.desktop.nicepage.com/Site_37968601/images/profi-poretec-wta-ausgleichsputz.webp","width":250,"height":250},"folderId":null,"usages":["94670501"]},{"id":"user-image-profi-poretec-wta-vorspritzer.webp","publicUrl":"np://user.desktop.nicepage.com/Site_37968601/images/profi-poretec-wta-vorspritzer.webp","size":16396,"hash":"oEKWpRWK3Ci7DH5vMau+g040QGw=","fileName":"profi-poretec-wta-vorspritzer.webp","name":"profi-poretec-wta-vorspritzer","width":382,"height":382,"thumbnail":{"url":"np://user.desktop.nicepage.com/Site_37968601/images/profi-poretec-wta-vorspritzer.webp","width":250,"height":250},"folderId":null,"usages":["94670501"]},{"id":"user-image-colorsaplus.png","publicUrl":"np://user.desktop.nicepage.com/Site_37968601/images/colorsaplus.png","size":989634,"hash":"vlxHSdpJHU3/rXwVy5OUrNZcAgI=","fileName":"colorsaplus.png","name":"colorsaplus","width":1200,"height":900,"thumbnail":{"url":"np://user.desktop.nicepage.com/Site_37968601/images/thumbnails/colorsaplus.png","width":250,"height":188},"folderId":null,"usages":["94670501"]},{"id":"user-image-REMM000439-transformed.jpeg","publicUrl":"np://user.desktop.nicepage.com/Site_37968601/images/REMM000439-transformed.jpeg","size":83012,"hash":"BCzWQRpIGgDLFCL0NzigHrQS31g=","fileName":"REMM000439-transformed.jpeg","name":"REMM000439-transformed","width":400,"height":302,"thumbnail":{"url":"np://user.desktop.nicepage.com/Site_37968601/images/thumbnails/REMM000439-transformed.jpeg","width":250,"height":189},"folderId":null,"usages":["94670501"]},{"id":"user-image-received-253660482372574-1256x1675.jpeg","publicUrl":"np://user.desktop.nicepage.com/Site_37968601/images/received-253660482372574-1256x1675.jpeg","size":196634,"hash":"hXeQg96C7NpdfDQZewoA6MshRbE=","fileName":"received-253660482372574-1256x1675.jpeg","name":"received-253660482372574-1256x1675","width":1004,"height":753,"thumbnail":{"url":"np://user.desktop.nicepage.com/Site_37968601/images/thumbnails/received-253660482372574-1256x1675.jpeg","width":250,"height":188},"folderId":null,"usages":["107793099"]},{"id":"user-image-podrezani-now-1160x870.webp","publicUrl":"np://user.desktop.nicepage.com/Site_37968601/images/podrezani-now-1160x870.webp","size":65240,"hash":"lOLqCoJMpZPZ63MhR6yg/uQEo+s=","fileName":"podrezani-now-1160x870.webp","name":"podrezani-now-1160x870","width":928,"height":696,"thumbnail":{"url":"np://user.desktop.nicepage.com/Site_37968601/images/podrezani-now-1160x870.webp","width":250,"height":188},"folderId":null,"usages":["107793099"]},{"id":"user-image-0727-kiesol-c-582x448.png","publicUrl":"np://user.desktop.nicepage.com/Site_37968601/images/0727-kiesol-c-582x448.png","size":50846,"hash":"QYK2EsZW+IsjoGBuo4oJEKqM6DU=","fileName":"0727-kiesol-c-582x448.png","name":"0727-kiesol-c-582x448","width":582,"height":448,"thumbnail":{"url":"np://user.desktop.nicepage.com/Site_37968601/images/thumbnails/0727-kiesol-c-582x448.png","width":250,"height":192},"folderId":null,"usages":["107793099"]},{"id":"user-image-izolacni-sterka-1-816x563.webp","publicUrl":"np://user.desktop.nicepage.com/Site_37968601/images/izolacni-sterka-1-816x563.webp","size":51422,"hash":"EVWQ5tOSSOTPiGt6zeRdqOM/zbE=","fileName":"izolacni-sterka-1-816x563.webp","name":"izolacni-sterka-1-816x563","width":816,"height":563,"thumbnail":{"url":"np://user.desktop.nicepage.com/Site_37968601/images/izolacni-sterka-1-816x563.webp","width":250,"height":172},"folderId":null,"usages":["96041983"]},{"id":"user-image-pci-barraseal-293x470.jpg","publicUrl":"np://user.desktop.nicepage.com/Site_37968601/images/pci-barraseal-293x470.jpg","size":31463,"hash":"O+Ojqtn71gFDZO1nlSCyXZVI9qU=","fileName":"pci-barraseal-293x470.jpg","name":"pci-barraseal-293x470","width":293,"height":470,"thumbnail":{"url":"np://user.desktop.nicepage.com/Site_37968601/images/thumbnails/pci-barraseal-293x470.jpg","width":156,"height":250},"folderId":null,"usages":["96041983"]},{"id":"user-image-3259048519-400x400.jpg","publicUrl":"np://user.desktop.nicepage.com/Site_37968601/images/3259048519-400x400.jpg","size":21136,"hash":"xuKlAPxe+0z7eAaqnZK66OZCxMA=","fileName":"3259048519-400x400.jpg","name":"3259048519-400x400","width":400,"height":400,"thumbnail":{"url":"np://user.desktop.nicepage.com/Site_37968601/images/thumbnails/3259048519-400x400.jpg","width":250,"height":250},"folderId":null,"usages":["96041983"]},{"id":"user-image-pcipecimor1k-800x558.jpg","publicUrl":"np://user.desktop.nicepage.com/Site_37968601/images/pcipecimor1k-800x558.jpg","size":58926,"hash":"RhvO3oOmeoZKxjZyz81T3n2EazY=","fileName":"pcipecimor1k-800x558.jpg","name":"pcipecimor1k-800x558","width":800,"height":558,"thumbnail":{"url":"np://user.desktop.nicepage.com/Site_37968601/images/thumbnails/pcipecimor1k-800x558.jpg","width":250,"height":174},"folderId":null,"usages":["96041983"]},{"id":"user-image-Barraseal_Turbo_4148.jpg","publicUrl":"np://user.desktop.nicepage.com/Site_37968601/images/Barraseal_Turbo_4148.jpg","size":219122,"hash":"ijLjDKIIi5AECVEuAK4alZ2xJ0U=","fileName":"Barraseal_Turbo_4148.jpg","name":"Barraseal_Turbo_4148","width":1200,"height":800,"thumbnail":{"url":"np://user.desktop.nicepage.com/Site_37968601/images/thumbnails/Barraseal_Turbo_4148.jpg","width":250,"height":167},"folderId":null,"usages":["96041983"]},{"id":"user-image-020853on.png","publicUrl":"np://user.desktop.nicepage.com/Site_37968601/images/020853on.png","size":614281,"hash":"vKEmu+UbMZKuB1q2u5GjuZQ2M9E=","fileName":"020853on.png","name":"020853on","width":780,"height":438,"thumbnail":{"url":"np://user.desktop.nicepage.com/Site_37968601/images/thumbnails/020853on.png","width":250,"height":140},"folderId":null,"usages":["96041983"]},{"id":"user-image-DSC01422-min.JPG","publicUrl":"np://user.desktop.nicepage.com/Site_37968601/images/DSC01422-min.JPG","size":2146773,"hash":"a0fiDPil5X2KTRz8kDPgy34gDFY=","fileName":"DSC01422-min.JPG","name":"DSC01422-min","width":6000,"height":3376,"thumbnail":{"url":"np://user.desktop.nicepage.com/Site_37968601/images/thumbnails/DSC01422-min.JPG","width":250,"height":141},"folderId":null,"usages":["96443309"]},{"id":"user-image-biskupstvicb.jpeg","publicUrl":"np://user.desktop.nicepage.com/Site_37968601/images/biskupstvicb.jpeg","size":73728,"hash":"f89P9bg/VWLNCe4taEDcnlO78sk=","fileName":"biskupstvicb.jpeg","name":"biskupstvicb","width":800,"height":600,"thumbnail":{"url":"np://user.desktop.nicepage.com/Site_37968601/images/thumbnails/biskupstvicb.jpeg","width":250,"height":188},"folderId":null,"usages":["96443309"]},{"id":"user-image-DSC01453-min.JPG","publicUrl":"np://user.desktop.nicepage.com/Site_37968601/images/DSC01453-min.JPG","size":915472,"hash":"uLV857QhhMzXw8gpuaalSwdaPds=","fileName":"DSC01453-min.JPG","name":"DSC01453-min","width":6000,"height":3376,"thumbnail":{"url":"np://user.desktop.nicepage.com/Site_37968601/images/thumbnails/DSC01453-min.JPG","width":250,"height":141},"folderId":null,"usages":["96443309"]},{"id":"user-image-DSC01450-min.JPG","publicUrl":"np://user.desktop.nicepage.com/Site_37968601/images/DSC01450-min.JPG","size":953248,"hash":"7bkY1WFEHq8tVI2nsRhBGLepYuo=","fileName":"DSC01450-min.JPG","name":"DSC01450-min","width":6000,"height":3376,"thumbnail":{"url":"np://user.desktop.nicepage.com/Site_37968601/images/thumbnails/DSC01450-min.JPG","width":250,"height":141},"folderId":null,"usages":["96443309"]},{"id":"user-image-DSC01454-min.JPG","publicUrl":"np://user.desktop.nicepage.com/Site_37968601/images/DSC01454-min.JPG","size":1550987,"hash":"7EMcC0NF9XWEuk8kc/496KosTx8=","fileName":"DSC01454-min.JPG","name":"DSC01454-min","width":6000,"height":3376,"thumbnail":{"url":"np://user.desktop.nicepage.com/Site_37968601/images/thumbnails/DSC01454-min.JPG","width":250,"height":141},"folderId":null,"usages":["96443309"]},{"id":"user-image-DSC01443-min.JPG","publicUrl":"np://user.desktop.nicepage.com/Site_37968601/images/DSC01443-min.JPG","size":1078690,"hash":"9Zelo71nV7Ip3lly98iz4APxzcY=","fileName":"DSC01443-min.JPG","name":"DSC01443-min","width":6000,"height":3376,"thumbnail":{"url":"np://user.desktop.nicepage.com/Site_37968601/images/thumbnails/DSC01443-min.JPG","width":250,"height":141},"folderId":null,"usages":["96443309"]},{"id":"user-image-DSC01483-min.JPG","publicUrl":"np://user.desktop.nicepage.com/Site_37968601/images/DSC01483-min.JPG","size":1561234,"hash":"rM3jH2zjGVZY3IxWQm2hRwQcvmQ=","fileName":"DSC01483-min.JPG","name":"DSC01483-min","width":6000,"height":3376,"thumbnail":{"url":"np://user.desktop.nicepage.com/Site_37968601/images/thumbnails/DSC01483-min.JPG","width":250,"height":141},"folderId":null,"usages":["96443309"]},{"id":"user-image-DSC01445-min.JPG","publicUrl":"np://user.desktop.nicepage.com/Site_37968601/images/DSC01445-min.JPG","size":1506188,"hash":"euyRx8TQ/iNi/t5PGXsnyJ3Q5ZQ=","fileName":"DSC01445-min.JPG","name":"DSC01445-min","width":6000,"height":3376,"thumbnail":{"url":"np://user.desktop.nicepage.com/Site_37968601/images/thumbnails/DSC01445-min.JPG","width":250,"height":141},"folderId":null,"usages":["96443309"]},{"id":"user-image-DSC01465-min.JPG","publicUrl":"np://user.desktop.nicepage.com/Site_37968601/images/DSC01465-min.JPG","size":1619642,"hash":"l0nbxdLBmtfh/f1Dl6EyrjjfQ7U=","fileName":"DSC01465-min.JPG","name":"DSC01465-min","width":6000,"height":3376,"thumbnail":{"url":"np://user.desktop.nicepage.com/Site_37968601/images/thumbnails/DSC01465-min.JPG","width":250,"height":141},"folderId":null,"usages":["96443309"]},{"id":"user-image-DSC01400-min.JPG","publicUrl":"np://user.desktop.nicepage.com/Site_37968601/images/DSC01400-min.JPG","size":1629251,"hash":"L0XxVKvegWZMG4zMCPN0+Lcagbk=","fileName":"DSC01400-min.JPG","name":"DSC01400-min","width":6000,"height":3376,"thumbnail":{"url":"np://user.desktop.nicepage.com/Site_37968601/images/thumbnails/DSC01400-min.JPG","width":250,"height":141},"folderId":null,"usages":["96443309"]},{"id":"user-image-DSC01480-min.JPG","publicUrl":"np://user.desktop.nicepage.com/Site_37968601/images/DSC01480-min.JPG","size":1577964,"hash":"LfCkymRFyt7ZOIj+zCAiwIdgH0I=","fileName":"DSC01480-min.JPG","name":"DSC01480-min","width":6000,"height":3376,"thumbnail":{"url":"np://user.desktop.nicepage.com/Site_37968601/images/thumbnails/DSC01480-min.JPG","width":250,"height":141},"folderId":null,"usages":["96443309"]},{"id":"user-image-DSC01406-min.JPG","publicUrl":"np://user.desktop.nicepage.com/Site_37968601/images/DSC01406-min.JPG","size":1956964,"hash":"CjPtvyEnsXcCt1FIvuFRLgdqkYU=","fileName":"DSC01406-min.JPG","name":"DSC01406-min","width":6000,"height":3376,"thumbnail":{"url":"np://user.desktop.nicepage.com/Site_37968601/images/thumbnails/DSC01406-min.JPG","width":250,"height":141},"folderId":null,"usages":["96443309"]},{"id":"user-image-DSC01490-min.JPG","publicUrl":"np://user.desktop.nicepage.com/Site_37968601/images/DSC01490-min.JPG","size":1649494,"hash":"ECoCxo82r23087oORaHiIXnarYM=","fileName":"DSC01490-min.JPG","name":"DSC01490-min","width":6000,"height":3376,"thumbnail":{"url":"np://user.desktop.nicepage.com/Site_37968601/images/thumbnails/DSC01490-min.JPG","width":250,"height":141},"folderId":null,"usages":["96443309"]},{"id":"user-image-DSC01471-min.JPG","publicUrl":"np://user.desktop.nicepage.com/Site_37968601/images/DSC01471-min.JPG","size":2026778,"hash":"UnQbV4+B5qjty0V6POChkxhTzBA=","fileName":"DSC01471-min.JPG","name":"DSC01471-min","width":6000,"height":3376,"thumbnail":{"url":"np://user.desktop.nicepage.com/Site_37968601/images/thumbnails/DSC01471-min.JPG","width":250,"height":141},"folderId":null,"usages":["96443309"]},{"id":"user-image-DSC01408-min.JPG","publicUrl":"np://user.desktop.nicepage.com/Site_37968601/images/DSC01408-min.JPG","size":2096869,"hash":"01j0fBMzcltOxY77QJaFSrI2ERM=","fileName":"DSC01408-min.JPG","name":"DSC01408-min","width":6000,"height":3376,"thumbnail":{"url":"np://user.desktop.nicepage.com/Site_37968601/images/thumbnails/DSC01408-min.JPG","width":250,"height":141},"folderId":null,"usages":["96443309"]},{"id":"user-image-DSC01485-min.JPG","publicUrl":"np://user.desktop.nicepage.com/Site_37968601/images/DSC01485-min.JPG","size":2093582,"hash":"6ToAxGwpz/e6Rgeqp64tftsQvbw=","fileName":"DSC01485-min.JPG","name":"DSC01485-min","width":6000,"height":3376,"thumbnail":{"url":"np://user.desktop.nicepage.com/Site_37968601/images/thumbnails/DSC01485-min.JPG","width":250,"height":141},"folderId":null,"usages":["96443309"]},{"id":"user-image-20210201_132843-min.jpg","publicUrl":"np://user.desktop.nicepage.com/Site_37968601/images/20210201_132843-min.jpg","size":2195778,"hash":"Nv/eiUU2f9dFQTNhe5iQTLR2wMs=","fileName":"20210201_132843-min.jpg","name":"20210201_132843-min","width":4032,"height":3024,"thumbnail":{"url":"np://user.desktop.nicepage.com/Site_37968601/images/thumbnails/20210201_132843-min.jpg","width":250,"height":188},"folderId":null,"usages":["96443309"]},{"id":"user-image-DSC01415-min.JPG","publicUrl":"np://user.desktop.nicepage.com/Site_37968601/images/DSC01415-min.JPG","size":1533830,"hash":"g5hwuyxmjXwgKlsmQ5xqAX8TLjc=","fileName":"DSC01415-min.JPG","name":"DSC01415-min","width":6000,"height":3376,"thumbnail":{"url":"np://user.desktop.nicepage.com/Site_37968601/images/thumbnails/DSC01415-min.JPG","width":250,"height":141},"folderId":null,"usages":["96443309"]},{"id":"user-image-DSC01440-min.JPG","publicUrl":"np://user.desktop.nicepage.com/Site_37968601/images/DSC01440-min.JPG","size":1369717,"hash":"6RHHw1hJIR8+o/oUMxeg4fVt3nY=","fileName":"DSC01440-min.JPG","name":"DSC01440-min","width":6000,"height":3376,"thumbnail":{"url":"np://user.desktop.nicepage.com/Site_37968601/images/thumbnails/DSC01440-min.JPG","width":250,"height":141},"folderId":null,"usages":["96443309"]}]