[{"id":146990025,"title":"Blog Template","order":1,"templateKey":"blog","customTemplate":false,"customTemplateFilename":null,"pageLinks":["208516622","6","5"],"dateCreated":"2023-05-25T17:36:12.849Z","dateUpdated":"2024-07-22T10:38:52.480Z","folderId":null,"pageName":"Blog Template","serverPageId":null,"sectionCount":2,"status":2,"backwardUrl":null},{"id":212411632,"title":"Post Template","order":2,"templateKey":"post","customTemplate":false,"customTemplateFilename":null,"pageLinks":["208516622"],"dateCreated":"2023-05-25T17:36:12.865Z","dateUpdated":"2024-07-22T10:39:12.296Z","folderId":null,"pageName":"Post Template","serverPageId":null,"sectionCount":1,"status":2,"backwardUrl":null},{"id":23134424,"title":"Product List Template","order":3,"templateKey":"products","customTemplate":false,"customTemplateFilename":null,"pageLinks":["208516622"],"dateCreated":"2023-05-25T17:36:12.880Z","dateUpdated":"2024-07-22T10:39:24.583Z","folderId":null,"pageName":"Product List Template","serverPageId":null,"sectionCount":1,"status":2,"backwardUrl":null},{"id":70227756,"title":"Product Details Template","order":4,"templateKey":"product","customTemplate":false,"customTemplateFilename":null,"pageLinks":["208516622"],"dateCreated":"2023-05-25T17:36:12.920Z","dateUpdated":"2024-07-22T10:39:36.443Z","folderId":null,"pageName":"Product Details Template","serverPageId":null,"sectionCount":1,"status":2,"backwardUrl":null},{"id":330523028,"title":"Shopping Cart Template","order":5,"templateKey":"cart","customTemplate":false,"customTemplateFilename":null,"pageLinks":[],"dateCreated":"2023-05-25T17:36:12.935Z","dateUpdated":"2023-05-25T17:36:12.937Z","folderId":null,"pageName":"Shopping Cart Template","serverPageId":null,"status":2,"backwardUrl":null},{"id":602401500,"title":"Checkout Template","order":6,"templateKey":"checkout","customTemplate":false,"customTemplateFilename":null,"pageLinks":["208516622"],"dateCreated":"2023-05-25T17:36:12.949Z","dateUpdated":"2024-07-22T10:40:23.044Z","folderId":null,"pageName":"Checkout Template","serverPageId":null,"sectionCount":1,"status":2,"backwardUrl":null},{"id":2688000599,"title":"Login Template","order":7,"templateKey":"login","customTemplate":false,"customTemplateFilename":null,"pageLinks":["208516622"],"dateCreated":"2023-05-25T17:36:12.962Z","dateUpdated":"2023-09-17T09:52:55.628Z","folderId":null,"pageName":"Login Template","serverPageId":null,"status":2,"backwardUrl":null},{"id":279658565,"title":"Page Password Template","order":8,"templateKey":"password","customTemplate":false,"customTemplateFilename":null,"pageLinks":[],"dateCreated":"2023-05-25T17:36:12.977Z","dateUpdated":"2023-05-25T17:36:12.978Z","folderId":null,"pageName":"Page Password Template","serverPageId":null,"status":2,"backwardUrl":null},{"id":85706693,"title":"404 Not Found Template","order":9,"templateKey":"404","customTemplate":false,"customTemplateFilename":null,"pageLinks":[],"dateCreated":"2023-05-25T17:36:12.990Z","dateUpdated":"2023-05-25T17:36:12.991Z","folderId":null,"pageName":"404 Not Found Template","serverPageId":null,"status":2,"backwardUrl":null},{"id":1816619168,"title":"Thank You Page Template","order":10,"templateKey":"ThankYou","customTemplate":false,"customTemplateFilename":null,"pageLinks":[],"dateCreated":"2023-09-17T09:23:19.821Z","dateUpdated":"2023-09-17T09:23:20.003Z","folderId":null,"pageName":"Thank You Page Template","serverPageId":null,"status":2,"backwardUrl":null},{"id":208516622,"title":"Home","order":50,"templateKey":null,"customTemplate":false,"customTemplateFilename":null,"pageLinks":["208516622","10474336","102590388","96443309"],"dateCreated":"2023-07-03T15:09:20.638Z","dateUpdated":"2024-07-22T10:38:31.763Z","folderId":null,"pageName":"Home_208516622","serverPageId":null,"sectionCount":7,"status":2,"backwardUrl":null},{"id":96041983,"title":"Multifunkční Izolační Stěrky","order":100,"templateKey":null,"customTemplate":false,"customTemplateFilename":null,"pageLinks":[],"dateCreated":"2023-05-26T18:14:17.173Z","dateUpdated":"2023-05-26T18:14:17.181Z","folderId":null,"pageName":"Multifunkční Izolační Stěrky_96041983","serverPageId":null,"status":2,"backwardUrl":null},{"id":107793099,"title":"Chemická Injektáž","order":101,"templateKey":null,"customTemplate":false,"customTemplateFilename":null,"pageLinks":["208516622"],"dateCreated":"2023-05-26T18:16:36.906Z","dateUpdated":"2024-07-22T03:50:56.176Z","folderId":null,"pageName":"Chemická Injektáž_107793099","serverPageId":null,"sectionCount":4,"status":2,"backwardUrl":null},{"id":10474336,"title":"Vlhkost nad terénem","order":102,"templateKey":null,"customTemplate":false,"customTemplateFilename":null,"pageLinks":["208516622"],"dateCreated":"2023-06-06T09:04:12.706Z","dateUpdated":"2024-07-22T04:22:38.819Z","folderId":null,"pageName":"Vlhkost nad terénem_10474336","serverPageId":null,"sectionCount":2,"status":2,"backwardUrl":null},{"id":102590388,"title":"Vlhkost pod terénem","order":102.5,"templateKey":null,"customTemplate":false,"customTemplateFilename":null,"pageLinks":["208516622"],"dateCreated":"2023-07-03T15:11:23.700Z","dateUpdated":"2024-07-22T04:23:37.130Z","folderId":null,"pageName":"Vlhkost pod terénem_102590388","serverPageId":null,"sectionCount":2,"status":2,"backwardUrl":null},{"id":94670501,"title":"Sanační omítky a nátěry","order":103,"templateKey":null,"customTemplate":false,"customTemplateFilename":null,"pageLinks":["208516622"],"dateCreated":"2023-05-26T18:04:22.469Z","dateUpdated":"2024-07-22T04:22:24.889Z","folderId":null,"pageName":"Sanační omítky a nátěry_94670501","serverPageId":null,"sectionCount":4,"status":2,"backwardUrl":null},{"id":96443309,"title":"References","order":104,"templateKey":null,"customTemplate":false,"customTemplateFilename":null,"pageLinks":[],"dateCreated":"2023-05-27T18:05:55.895Z","dateUpdated":"2023-05-27T18:05:55.902Z","folderId":null,"pageName":"References_96443309","serverPageId":null,"status":2,"backwardUrl":null}]